file,species
78b1bf91a.png,Sugar beet
3f64c2c1b.png,Common wheat
fea3da57c.png,Sugar beet
558aa7deb.png,Black-grass
6edc76e7c.png,Fat Hen
46c14fde2.png,Black-grass
780bd2a2c.png,Sugar beet
5b63dcc21.png,Common Chickweed
b145ba9d4.png,Scentless Mayweed
9d79a1f0c.png,Small-flowered Cranesbill
fbf88b6be.png,Charlock
a890ac088.png,Common Chickweed
a9d2eab61.png,Loose Silky-bent
7f9e9565d.png,Scentless Mayweed
d41d87796.png,Scentless Mayweed
0021e90e4.png,Small-flowered Cranesbill
4b032563b.png,Common Chickweed
165681fd9.png,Shepherds Purse
0086a6340.png,Common Chickweed
eec1079a1.png,Charlock
7b52585da.png,Loose Silky-bent
e84464f5a.png,Shepherds Purse
f593c9cf0.png,Sugar beet
39d569be4.png,Loose Silky-bent
1d48b7564.png,Loose Silky-bent
fb022edf9.png,Common Chickweed
e15472085.png,Common Chickweed
f4021df6c.png,Fat Hen
bb1d1bfd3.png,Small-flowered Cranesbill
79dafec17.png,Loose Silky-bent
b944a49ca.png,Black-grass
cae684f8f.png,Charlock
8311740de.png,Fat Hen
b828443ff.png,Maize
d2f422ccb.png,Common Chickweed
71334c634.png,Maize
bffc08672.png,Cleavers
0c45ace27.png,Common Chickweed
e73e308be.png,Fat Hen
ef3e232ad.png,Common Chickweed
35cf9fa01.png,Common Chickweed
32c86784b.png,Common Chickweed
d488a4fe1.png,Common wheat
5bc6595f6.png,Maize
5bdcfa329.png,Loose Silky-bent
08d591441.png,Sugar beet
2a5064f19.png,Common wheat
1dc7c45df.png,Black-grass
e98e5d1d5.png,Black-grass
24a058589.png,Small-flowered Cranesbill
52a87abe5.png,Fat Hen
9a3f20121.png,Loose Silky-bent
39858776a.png,Cleavers
b6f3d8b5d.png,Scentless Mayweed
6908fb540.png,Sugar beet
8a4d3a1b1.png,Loose Silky-bent
cec5bf198.png,Cleavers
48ef6a2ff.png,Common wheat
c7ae30f3a.png,Scentless Mayweed
9b4800b42.png,Cleavers
6da892be6.png,Small-flowered Cranesbill
4e69d100a.png,Small-flowered Cranesbill
c35efa095.png,Scentless Mayweed
3dd52bd2a.png,Small-flowered Cranesbill
d102e1a15.png,Cleavers
20f983a71.png,Fat Hen
65e97117e.png,Loose Silky-bent
c50335991.png,Fat Hen
1541bdb2e.png,Maize
1694a70e4.png,Scentless Mayweed
acdb75e00.png,Loose Silky-bent
0ebf8f2f4.png,Maize
377283a21.png,Maize
521b27a17.png,Loose Silky-bent
590f5aea6.png,Cleavers
8e6ec1ca6.png,Small-flowered Cranesbill
728eabae1.png,Small-flowered Cranesbill
897e5a8de.png,Cleavers
bb20fce02.png,Scentless Mayweed
29ce426a1.png,Common Chickweed
4823c3ffa.png,Scentless Mayweed
8cfd98117.png,Scentless Mayweed
16357b436.png,Loose Silky-bent
c10db7ae2.png,Maize
258b1183c.png,Cleavers
550a8b7e6.png,Small-flowered Cranesbill
54b3afd58.png,Cleavers
f33e9d918.png,Cleavers
26e7ae885.png,Fat Hen
8b9144917.png,Small-flowered Cranesbill
a3b375b34.png,Loose Silky-bent
80e299ae9.png,Shepherds Purse
78c5fba1d.png,Sugar beet
a5db42f7d.png,Maize
efe19dc32.png,Charlock
b47691c08.png,Scentless Mayweed
444473900.png,Fat Hen
5315c2dca.png,Black-grass
edfdb4aeb.png,Scentless Mayweed
f3fcfff1b.png,Cleavers
599c82eea.png,Scentless Mayweed
36ed4f215.png,Common Chickweed
fda39e16f.png,Loose Silky-bent
5e6a237f2.png,Sugar beet
0ae6668fa.png,Loose Silky-bent
043449b0b.png,Sugar beet
ef65533d5.png,Black-grass
cfb18d262.png,Scentless Mayweed
a169b71e7.png,Small-flowered Cranesbill
86676d627.png,Fat Hen
c7eb96871.png,Common wheat
48d97c645.png,Small-flowered Cranesbill
e0ec5b6a1.png,Sugar beet
39c8fde99.png,Loose Silky-bent
e1809cef2.png,Scentless Mayweed
74068643d.png,Loose Silky-bent
8455169fe.png,Common wheat
0d31e6602.png,Small-flowered Cranesbill
abf8b0772.png,Scentless Mayweed
b4f7c9214.png,Black-grass
963544aa0.png,Black-grass
456d507c0.png,Shepherds Purse
754b1adf8.png,Small-flowered Cranesbill
fadc6adbc.png,Charlock
64fe8beb9.png,Scentless Mayweed
1459e96a0.png,Fat Hen
ac75d3326.png,Loose Silky-bent
3fbd0fc6a.png,Common Chickweed
ae90f2827.png,Common Chickweed
8d6991365.png,Black-grass
659412b1a.png,Loose Silky-bent
c85ef220d.png,Common Chickweed
03566743d.png,Fat Hen
df7cb5f87.png,Common Chickweed
16fd2e01a.png,Small-flowered Cranesbill
5ca0205f9.png,Charlock
35ebe165c.png,Black-grass
5bbc0a255.png,Common Chickweed
089ad62a7.png,Common Chickweed
cd5f0db1c.png,Small-flowered Cranesbill
35a90f8d0.png,Scentless Mayweed
085974290.png,Scentless Mayweed
a19c3faca.png,Shepherds Purse
a3d0031fd.png,Loose Silky-bent
4ac29bbf0.png,Common Chickweed
1c52ea820.png,Fat Hen
122913909.png,Maize
91e469b4a.png,Small-flowered Cranesbill
16467a950.png,Loose Silky-bent
2dd5cfba9.png,Shepherds Purse
1376f3b63.png,Black-grass
37e545a60.png,Common Chickweed
d0152bd7c.png,Fat Hen
ad12382d4.png,Loose Silky-bent
77ccb8b2a.png,Small-flowered Cranesbill
5dcad9a53.png,Small-flowered Cranesbill
07e62f903.png,Maize
cf46d09c5.png,Common Chickweed
9c8b08a24.png,Loose Silky-bent
406ecb5c5.png,Small-flowered Cranesbill
29bab7cad.png,Small-flowered Cranesbill
fd925f542.png,Common Chickweed
4c7838de4.png,Common Chickweed
2d9c798f9.png,Small-flowered Cranesbill
dd9f36df7.png,Small-flowered Cranesbill
cf90fc52d.png,Maize
f4e7733d4.png,Small-flowered Cranesbill
7fdb7202d.png,Scentless Mayweed
3eebd36c6.png,Small-flowered Cranesbill
003d61042.png,Fat Hen
71b232519.png,Black-grass
da5255450.png,Common Chickweed
79e5ea8fa.png,Common wheat
c7b07431e.png,Scentless Mayweed
20817c846.png,Cleavers
d7017f701.png,Fat Hen
060450d79.png,Common Chickweed
d84d37a61.png,Common Chickweed
65e262a6d.png,Charlock
fdea6b119.png,Common wheat
c832e4302.png,Fat Hen
bf3924a57.png,Common Chickweed
60f0bc617.png,Small-flowered Cranesbill
a8c8a1db0.png,Shepherds Purse
87f627bf9.png,Common Chickweed
668c1007c.png,Charlock
60ee66ddd.png,Charlock
14bb43eee.png,Common wheat
099b961ec.png,Common Chickweed
aaf4da98f.png,Sugar beet
0bf7bfb05.png,Black-grass
6a41bf95b.png,Scentless Mayweed
fa9f3a8f9.png,Shepherds Purse
248436078.png,Cleavers
115f93ecc.png,Loose Silky-bent
33317fc2a.png,Fat Hen
48231e475.png,Scentless Mayweed
fd253a74e.png,Shepherds Purse
a74d475c2.png,Common Chickweed
d17f48d3b.png,Scentless Mayweed
b215531dd.png,Cleavers
892e9d6c6.png,Cleavers
31fcdc161.png,Maize
060f1dc84.png,Cleavers
4049a6ea6.png,Loose Silky-bent
2406d6c99.png,Shepherds Purse
a935ca110.png,Black-grass
b687160f5.png,Small-flowered Cranesbill
0d117d910.png,Common Chickweed
88ac6df54.png,Loose Silky-bent
4e1190d78.png,Black-grass
9643fc5f4.png,Small-flowered Cranesbill
b62dca166.png,Fat Hen
38c054379.png,Small-flowered Cranesbill
506347cfe.png,Small-flowered Cranesbill
8f523520c.png,Shepherds Purse
8e3ed0a25.png,Small-flowered Cranesbill
e6f1211a2.png,Sugar beet
0dba99002.png,Charlock
d9c50616e.png,Common wheat
0fb233ad6.png,Small-flowered Cranesbill
a2b703e21.png,Small-flowered Cranesbill
99569b224.png,Common wheat
f6d250856.png,Common Chickweed
f9b6bfb00.png,Cleavers
de0b79659.png,Fat Hen
4392d93cf.png,Black-grass
a38b8a581.png,Small-flowered Cranesbill
fe9e87b78.png,Scentless Mayweed
88d8a4508.png,Common wheat
82b5f4d33.png,Shepherds Purse
9aa5587fe.png,Black-grass
33748968f.png,Shepherds Purse
205df1df3.png,Fat Hen
f0ffa00bd.png,Sugar beet
67ce3eaa6.png,Small-flowered Cranesbill
abc331628.png,Common wheat
02cfeb38d.png,Loose Silky-bent
592cc5b89.png,Loose Silky-bent
17a78fb44.png,Common wheat
ff65bc002.png,Charlock
e80a259c5.png,Small-flowered Cranesbill
866be78b0.png,Common Chickweed
92292055d.png,Common Chickweed
9516e56c4.png,Black-grass
7506c0c02.png,Scentless Mayweed
c26ccf73c.png,Common Chickweed
e88bf0db9.png,Small-flowered Cranesbill
7615e52d3.png,Cleavers
74d810f87.png,Black-grass
d09d24c58.png,Loose Silky-bent
8d6acbe9b.png,Common Chickweed
9baf94467.png,Sugar beet
37297a64c.png,Common Chickweed
e5064f6be.png,Sugar beet
59b2c6f2b.png,Common Chickweed
06d12f6fa.png,Shepherds Purse
6df8e31ea.png,Small-flowered Cranesbill
8a32d0bfa.png,Small-flowered Cranesbill
4bcdaa5e2.png,Shepherds Purse
7c85b0265.png,Loose Silky-bent
b39c71707.png,Maize
fba8fc78a.png,Black-grass
a1e0a6c02.png,Shepherds Purse
b4c3df835.png,Maize
cc3d2a59a.png,Sugar beet
b1cd2a91e.png,Cleavers
31f3dd81f.png,Loose Silky-bent
ede6b84b4.png,Cleavers
b3d6fdb80.png,Common Chickweed
721be0a4a.png,Loose Silky-bent
8b27bfd2b.png,Small-flowered Cranesbill
a060c1cf8.png,Maize
e14afa235.png,Black-grass
39b740f7e.png,Black-grass
9c777333d.png,Common Chickweed
8874bba69.png,Loose Silky-bent
25a4c427e.png,Black-grass
41e07778c.png,Small-flowered Cranesbill
b573b7a56.png,Loose Silky-bent
c06e7c748.png,Scentless Mayweed
7696badea.png,Black-grass
958bb9e96.png,Charlock
172f9b10b.png,Common Chickweed
b29339405.png,Black-grass
632156793.png,Cleavers
0c5f6c493.png,Black-grass
5b3000b9a.png,Maize
f4ad9d950.png,Sugar beet
8303b27ed.png,Loose Silky-bent
063363305.png,Small-flowered Cranesbill
b5c7fd009.png,Loose Silky-bent
98d819587.png,Common Chickweed
f9f35cbd4.png,Common Chickweed
490c4f9c8.png,Fat Hen
ef9676433.png,Charlock
4c8005bbc.png,Black-grass
8dbb8e1b9.png,Common Chickweed
78750e0ff.png,Charlock
55251925f.png,Common Chickweed
219fd68d5.png,Cleavers
8a30b2de3.png,Sugar beet
534e74d83.png,Maize
29f49cd0b.png,Fat Hen
8c9953903.png,Fat Hen
c5e419015.png,Scentless Mayweed
85431c075.png,Loose Silky-bent
c0bc3997b.png,Cleavers
8e2e5604e.png,Sugar beet
19e58cc5e.png,Common Chickweed
4bbf1f6ea.png,Common Chickweed
837ac0270.png,Common Chickweed
b98327bf4.png,Cleavers
3da774107.png,Fat Hen
bdde957ec.png,Scentless Mayweed
a8388a37f.png,Fat Hen
47b7d8e17.png,Small-flowered Cranesbill
da9ef7858.png,Charlock
4c5ab9b68.png,Shepherds Purse
0625f063b.png,Common Chickweed
8bc0261c9.png,Loose Silky-bent
2b55a2da2.png,Charlock
3abb502fb.png,Loose Silky-bent
e471f1d3a.png,Small-flowered Cranesbill
d6d80a321.png,Scentless Mayweed
df521c0c0.png,Loose Silky-bent
6d6eb3830.png,Shepherds Purse
c069fc3fa.png,Fat Hen
3efa1f66c.png,Black-grass
17529c555.png,Scentless Mayweed
bfab3e3d0.png,Charlock
699d3c707.png,Sugar beet
19618ad6a.png,Charlock
3bbef3ecb.png,Scentless Mayweed
4e18ab737.png,Cleavers
a85fc8c9a.png,Small-flowered Cranesbill
9c0c5b731.png,Loose Silky-bent
824f5d4e5.png,Fat Hen
75cb95e91.png,Charlock
c8f50f0c3.png,Common wheat
b7192c70f.png,Common wheat
90d119d25.png,Scentless Mayweed
37c3108d6.png,Common Chickweed
a0f37c726.png,Small-flowered Cranesbill
e9d48d664.png,Common Chickweed
da231c97f.png,Scentless Mayweed
0a64e3e6c.png,Black-grass
752101fdf.png,Small-flowered Cranesbill
0e8492cb1.png,Maize
855955aaf.png,Small-flowered Cranesbill
25cf6eb73.png,Maize
20ea96bcc.png,Fat Hen
ac3193f78.png,Common Chickweed
592473c83.png,Loose Silky-bent
7f31c7f42.png,Loose Silky-bent
f351ce097.png,Loose Silky-bent
486e59179.png,Common Chickweed
a7bd7cadb.png,Fat Hen
1f290e016.png,Scentless Mayweed
01291174f.png,Black-grass
2a667e099.png,Fat Hen
bb7621cb3.png,Fat Hen
c10ccbd82.png,Scentless Mayweed
93d76fd5d.png,Small-flowered Cranesbill
5a6bf96f6.png,Small-flowered Cranesbill
856f2910a.png,Small-flowered Cranesbill
33448fe39.png,Loose Silky-bent
a254d71f6.png,Loose Silky-bent
97b2f0a10.png,Small-flowered Cranesbill
8faadb6a8.png,Sugar beet
bea23d9f8.png,Cleavers
96ecad7a1.png,Small-flowered Cranesbill
11d3f68ff.png,Loose Silky-bent
56112b92c.png,Small-flowered Cranesbill
1f3f44563.png,Maize
7d22abf91.png,Scentless Mayweed
dc4cd56a3.png,Black-grass
026716f9b.png,Black-grass
24d78df74.png,Common Chickweed
976e4e079.png,Common Chickweed
0437393b1.png,Fat Hen
4a337a4a9.png,Fat Hen
50de8a115.png,Common Chickweed
1e095a7e1.png,Small-flowered Cranesbill
dc55449b2.png,Sugar beet
dabe3e5be.png,Small-flowered Cranesbill
e82017baa.png,Black-grass
36839d5e9.png,Scentless Mayweed
53ceb4657.png,Common Chickweed
0c27cf05f.png,Loose Silky-bent
c0461776c.png,Common Chickweed
5ee9d0a5b.png,Loose Silky-bent
cf3a8b2fd.png,Loose Silky-bent
c4ed8ed38.png,Charlock
2f0004a7f.png,Common wheat
b2706e2b3.png,Common wheat
a35fd6fbb.png,Common Chickweed
03ef36742.png,Scentless Mayweed
55920f07f.png,Maize
d6c8c3c48.png,Small-flowered Cranesbill
647689543.png,Loose Silky-bent
3a909ead8.png,Small-flowered Cranesbill
a2c89c367.png,Small-flowered Cranesbill
0751c0bbc.png,Sugar beet
d14aa43f3.png,Small-flowered Cranesbill
948cdb277.png,Cleavers
7691014a1.png,Small-flowered Cranesbill
8db450ce3.png,Common Chickweed
1b6a6494d.png,Sugar beet
f4caf74f9.png,Small-flowered Cranesbill
9df3275da.png,Small-flowered Cranesbill
c74c5b7fc.png,Shepherds Purse
55fed435f.png,Maize
00c47e980.png,Sugar beet
3edf5e9ef.png,Common wheat
fea355851.png,Loose Silky-bent
1926e82fd.png,Loose Silky-bent
0ee4ad224.png,Common Chickweed
6be169e41.png,Shepherds Purse
69d1669f8.png,Charlock
604dd663f.png,Shepherds Purse
aee6fa3df.png,Loose Silky-bent
ce3d280eb.png,Common Chickweed
808578ed5.png,Charlock
aa7d098d1.png,Common Chickweed
539961189.png,Common Chickweed
df11d56a7.png,Sugar beet
7b21ba6ba.png,Common Chickweed
406162ef9.png,Small-flowered Cranesbill
c64370a72.png,Sugar beet
770a265f5.png,Small-flowered Cranesbill
391dcd7fd.png,Black-grass
19fdf19fb.png,Common wheat
721b2c47a.png,Fat Hen
2df78338c.png,Common Chickweed
03e322a29.png,Sugar beet
ab35453cb.png,Cleavers
6bce55e05.png,Small-flowered Cranesbill
e5297b675.png,Loose Silky-bent
00ef713a8.png,Common Chickweed
c5e88cd42.png,Common Chickweed
37714071b.png,Small-flowered Cranesbill
589e643b8.png,Common Chickweed
d01873fdd.png,Black-grass
e921021a8.png,Fat Hen
8cf2e3e6c.png,Common Chickweed
b130a0632.png,Shepherds Purse
ce42adffb.png,Black-grass
7f46a71db.png,Sugar beet
1364b297a.png,Cleavers
9fab816f2.png,Fat Hen
dd5ec63d9.png,Sugar beet
8170d33c1.png,Small-flowered Cranesbill
be341dbdc.png,Loose Silky-bent
d0cdc768f.png,Common wheat
67e185673.png,Small-flowered Cranesbill
22e79540f.png,Sugar beet
5817b766d.png,Common Chickweed
b6a3f7876.png,Black-grass
60fea2ef6.png,Fat Hen
22fbf13d6.png,Black-grass
61dd2cdc5.png,Common wheat
4f83143e1.png,Maize
cbba27d89.png,Maize
523e5505c.png,Fat Hen
ffc6f8527.png,Common wheat
23e480e64.png,Common Chickweed
b341d0aab.png,Common Chickweed
05341a8a6.png,Scentless Mayweed
c1ecff98b.png,Loose Silky-bent
8301b0547.png,Charlock
34dd57ca9.png,Loose Silky-bent
e901b0f28.png,Fat Hen
2bd74d2da.png,Loose Silky-bent
4287d810c.png,Common Chickweed
7d4cd07ad.png,Common Chickweed
56a01b835.png,Shepherds Purse
e19ad6ac9.png,Charlock
0c4199daa.png,Loose Silky-bent
851c90831.png,Black-grass
ef7a5651d.png,Scentless Mayweed
f445fe6fb.png,Charlock
41f1c3cdb.png,Fat Hen
e478c452c.png,Sugar beet
e783f5a4f.png,Sugar beet
288564c76.png,Sugar beet
cc74feadc.png,Black-grass
b9062c1c8.png,Sugar beet
f1f7c833f.png,Shepherds Purse
a800caead.png,Fat Hen
d689256be.png,Common wheat
177d7e2a4.png,Common Chickweed
86f08e6d1.png,Fat Hen
0caeda5df.png,Common wheat
8916793ce.png,Small-flowered Cranesbill
a0b393945.png,Small-flowered Cranesbill
0911d3dee.png,Common Chickweed
d668409ff.png,Black-grass
6edb96d45.png,Cleavers
3d38a87bc.png,Black-grass
5c3cd7ea2.png,Scentless Mayweed
5eb9c26a6.png,Black-grass
c6b76307d.png,Cleavers
6ba4ef411.png,Fat Hen
6a47821f9.png,Black-grass
3e9f41817.png,Loose Silky-bent
3f92d8039.png,Black-grass
fe29629fb.png,Loose Silky-bent
b7a7f6390.png,Fat Hen
76dbd1054.png,Scentless Mayweed
bd789d151.png,Common Chickweed
32a8c8a1d.png,Loose Silky-bent
3526b05cc.png,Scentless Mayweed
8cf909eb3.png,Charlock
afcf6abd5.png,Small-flowered Cranesbill
e1abb4ff9.png,Sugar beet
5bd71f445.png,Common Chickweed
97844bfd5.png,Shepherds Purse
615d2b0a9.png,Sugar beet
cb496f36e.png,Loose Silky-bent
87608f7aa.png,Shepherds Purse
2ea664465.png,Fat Hen
6db684fff.png,Scentless Mayweed
1191ba346.png,Shepherds Purse
e5e3dccff.png,Common wheat
e721c6ac8.png,Black-grass
711b46fba.png,Shepherds Purse
d6d31dcbe.png,Scentless Mayweed
8a8d6c712.png,Cleavers
a544fc46d.png,Cleavers
e5368474f.png,Scentless Mayweed
a93f940d6.png,Scentless Mayweed
24c94a6ca.png,Sugar beet
cd6adba97.png,Small-flowered Cranesbill
410e6f702.png,Small-flowered Cranesbill
4ea7493d5.png,Sugar beet
66ab0e8d0.png,Charlock
8585f9718.png,Loose Silky-bent
be2499cf4.png,Black-grass
5883b423d.png,Scentless Mayweed
dabea05f4.png,Loose Silky-bent
b03397525.png,Loose Silky-bent
36d62bf36.png,Common wheat
e5881dd33.png,Fat Hen
bd72d4d8a.png,Scentless Mayweed
4b155fb07.png,Maize
c75a82234.png,Scentless Mayweed
ef02b4ee7.png,Charlock
466bb6d3b.png,Small-flowered Cranesbill
cbe761896.png,Charlock
241e6935a.png,Sugar beet
24dbc3b21.png,Sugar beet
17d5e5ac4.png,Loose Silky-bent
9d3cb4745.png,Common wheat
7cabd68cc.png,Loose Silky-bent
8ab8a958b.png,Fat Hen
1758a1baf.png,Common Chickweed
ab0f67743.png,Black-grass
5a38ac566.png,Black-grass
1d321253f.png,Fat Hen
63c07d340.png,Fat Hen
13b9fa92d.png,Sugar beet
a276c65f7.png,Loose Silky-bent
2ff5cb348.png,Sugar beet
686dc7ec8.png,Black-grass
429211ee6.png,Sugar beet
cfd8165e9.png,Charlock
fd87b36ae.png,Black-grass
8e29abce1.png,Scentless Mayweed
c7051c902.png,Common Chickweed
593896f83.png,Common Chickweed
c60e91e07.png,Loose Silky-bent
c0d9e170b.png,Small-flowered Cranesbill
dcd7ff249.png,Scentless Mayweed
7a38416be.png,Charlock
446f7da01.png,Black-grass
e19673dc9.png,Shepherds Purse
ef74dbcad.png,Cleavers
da4ed3a28.png,Small-flowered Cranesbill
9b9911f20.png,Scentless Mayweed
d563be369.png,Fat Hen
ba3ce6b3e.png,Scentless Mayweed
71f5323c5.png,Black-grass
270b939cf.png,Common Chickweed
8b043093d.png,Small-flowered Cranesbill
d93c7ab6d.png,Black-grass
2e86f1085.png,Fat Hen
974959ec1.png,Common wheat
fea1d13d6.png,Common Chickweed
780defa2e.png,Common Chickweed
3d67c434b.png,Fat Hen
86c309150.png,Cleavers
187668bde.png,Scentless Mayweed
338c7e907.png,Charlock
c2de6020a.png,Small-flowered Cranesbill
d89db156f.png,Small-flowered Cranesbill
9326bda1b.png,Common Chickweed
d2f0f326e.png,Fat Hen
59358cd44.png,Small-flowered Cranesbill
aad8375e0.png,Shepherds Purse
71e73a8a0.png,Sugar beet
dce2f6612.png,Common Chickweed
1d0cbd819.png,Loose Silky-bent
8e4eaeec0.png,Common Chickweed
862b8e7a0.png,Sugar beet
c6c8d4ba0.png,Black-grass
5af1d74ee.png,Common wheat
6c874918c.png,Black-grass
071cb3ece.png,Fat Hen
1f5e5554e.png,Small-flowered Cranesbill
da713c465.png,Black-grass
1623fb9e1.png,Fat Hen
e96e57a90.png,Common Chickweed
223e4af09.png,Cleavers
c0f5d9ac8.png,Small-flowered Cranesbill
3281183f9.png,Scentless Mayweed
e7077322d.png,Scentless Mayweed
800a8c17e.png,Fat Hen
b30ab4659.png,Cleavers
44e8b8833.png,Small-flowered Cranesbill
d350a25fa.png,Common Chickweed
54c8bb900.png,Charlock
756dd5070.png,Common Chickweed
f4234cf4f.png,Fat Hen
90b595f12.png,Common Chickweed
afa446484.png,Small-flowered Cranesbill
a83820a2c.png,Sugar beet
03a2ee656.png,Small-flowered Cranesbill
f85ed9b6d.png,Cleavers
618de3d7a.png,Charlock
126a71ce0.png,Charlock
8ece6efec.png,Scentless Mayweed
3f826b318.png,Common Chickweed
4bbfd1e05.png,Cleavers
e4a76885b.png,Maize
1be0713da.png,Cleavers
eaf0815e2.png,Small-flowered Cranesbill
c5078bac5.png,Black-grass
6b721f68e.png,Black-grass
3b73c3b61.png,Black-grass
f1e87cba7.png,Loose Silky-bent
98da6ef4e.png,Scentless Mayweed
f8318faf1.png,Scentless Mayweed
53e6e9000.png,Common wheat
808cf55c6.png,Shepherds Purse
99036c51d.png,Black-grass
1c680883c.png,Black-grass
0f6cbe5e8.png,Maize
a2d25b4f3.png,Small-flowered Cranesbill
fa5fd1384.png,Shepherds Purse
e3f50adfc.png,Cleavers
1bf9b94a6.png,Scentless Mayweed
b026bf8ca.png,Loose Silky-bent
2f246d688.png,Small-flowered Cranesbill
ace8761dd.png,Common Chickweed
116b136de.png,Sugar beet
59e1cea8d.png,Cleavers
3d65168c2.png,Common Chickweed
adb7a032c.png,Loose Silky-bent
e15fce4f2.png,Scentless Mayweed
bb64660b7.png,Sugar beet
1821eb11a.png,Scentless Mayweed
a74bf916d.png,Shepherds Purse
a8de7c1b7.png,Loose Silky-bent
148bbda66.png,Small-flowered Cranesbill
4f44ca525.png,Common Chickweed
a006a475c.png,Common Chickweed
e1a0e3202.png,Black-grass
59c6a9f95.png,Fat Hen
cadab6616.png,Shepherds Purse
a8b431a3e.png,Sugar beet
12625488b.png,Fat Hen
502dff972.png,Small-flowered Cranesbill
2d5058a59.png,Common Chickweed
04814f36d.png,Scentless Mayweed
664194d19.png,Small-flowered Cranesbill
32b42c120.png,Small-flowered Cranesbill
827279bad.png,Cleavers
e9cd91682.png,Common Chickweed
42e7ed442.png,Common Chickweed
f2dc546ca.png,Shepherds Purse
2126dc71b.png,Common Chickweed
73260a4ee.png,Fat Hen
dfb1d9012.png,Black-grass
809eb0b82.png,Shepherds Purse
3185294c8.png,Scentless Mayweed
caa2fbd79.png,Common Chickweed
8104422bb.png,Small-flowered Cranesbill
fc3e58836.png,Cleavers
d09275360.png,Sugar beet
52dc7a4d6.png,Common Chickweed
785a73ab8.png,Common Chickweed
5779fe8b4.png,Fat Hen
a4b61a4ea.png,Loose Silky-bent
8c98a6e9b.png,Black-grass
bf66b9cd2.png,Maize
25fa8d109.png,Common wheat
7d3045fc3.png,Sugar beet
af45e222a.png,Scentless Mayweed
1fefb54b7.png,Fat Hen
98062cd87.png,Common Chickweed
d3331e071.png,Fat Hen
24d36c52c.png,Common Chickweed
b31292706.png,Common Chickweed
a55d26a4c.png,Common Chickweed
bb1c84bbc.png,Loose Silky-bent
5296835a0.png,Small-flowered Cranesbill
007b3da8b.png,Sugar beet
76555b064.png,Loose Silky-bent
bebcaab66.png,Scentless Mayweed
5b3beec58.png,Black-grass
606647f64.png,Common Chickweed
b3e08b037.png,Fat Hen
a1da8be3c.png,Maize
79fba50db.png,Common Chickweed
93079d970.png,Sugar beet
995c7ab1e.png,Black-grass
2d992d1fb.png,Loose Silky-bent
6b9d6f8c9.png,Sugar beet
6680836dd.png,Sugar beet
fef2ade8c.png,Sugar beet
d5f7dd60a.png,Scentless Mayweed
953496deb.png,Fat Hen
26852751a.png,Shepherds Purse
6049234e6.png,Fat Hen
c63da993b.png,Sugar beet
239bdf640.png,Charlock
ce15eee52.png,Charlock
f48916a8c.png,Scentless Mayweed
61b044411.png,Scentless Mayweed
7beb2766f.png,Scentless Mayweed
f23faf9c1.png,Loose Silky-bent
19b51843a.png,Common Chickweed
59f62ad1d.png,Black-grass
a8da9c08d.png,Small-flowered Cranesbill
fc6f686fb.png,Sugar beet
b7ad92859.png,Shepherds Purse
1d56351b2.png,Common Chickweed
3827436f3.png,Common Chickweed
d515398fd.png,Black-grass
0c51bf229.png,Maize
30ad31220.png,Shepherds Purse
3fbf1a417.png,Cleavers
65489944f.png,Common Chickweed
6dd095129.png,Common Chickweed
e4d5ec761.png,Black-grass
b0acaff4a.png,Black-grass
2693e5c65.png,Maize
6982a9d30.png,Small-flowered Cranesbill
5f04aed97.png,Small-flowered Cranesbill
beebe5f4e.png,Scentless Mayweed
47f9e5d91.png,Common Chickweed
fda0b5c38.png,Common wheat
675ec1b0b.png,Small-flowered Cranesbill
1cfd91582.png,Small-flowered Cranesbill
cb76a7766.png,Fat Hen
f9ea23fb5.png,Fat Hen
9c32a797e.png,Common wheat
969a851be.png,Scentless Mayweed
23bc8ec4f.png,Common Chickweed
279df95f2.png,Sugar beet
599691cd9.png,Small-flowered Cranesbill
4e9d3765f.png,Small-flowered Cranesbill
20e562fd5.png,Sugar beet
7e9cf1c46.png,Common Chickweed
653193c1a.png,Common wheat
a85b48a95.png,Scentless Mayweed
55a852f40.png,Common Chickweed
d2fd9df40.png,Black-grass
ec08a5d56.png,Small-flowered Cranesbill
43ede9de9.png,Charlock
9cce7328c.png,Loose Silky-bent
1b490196c.png,Shepherds Purse
c88ebfb47.png,Small-flowered Cranesbill
966ae5ad9.png,Black-grass
835dc5447.png,Small-flowered Cranesbill
e52493d0b.png,Common wheat
f25996db8.png,Small-flowered Cranesbill
eef131644.png,Black-grass
3ebbe9ca4.png,Charlock
0885e7690.png,Cleavers
00d090cde.png,Loose Silky-bent
5ca2687a4.png,Maize
3eda9cbb6.png,Scentless Mayweed
0ad9e7dfb.png,Sugar beet
8ca6140ca.png,Loose Silky-bent
74fd477eb.png,Common Chickweed
79d93bc96.png,Loose Silky-bent
d8f4923f8.png,Common Chickweed
96f14d90c.png,Sugar beet
65d08b894.png,Common wheat
f66ae4070.png,Maize
1312065a5.png,Small-flowered Cranesbill
aecfaed64.png,Common Chickweed
